name,ratings,location1,location2,est. bill amt.,cuisine1,cuisine2,cuisine3
Pawan Putra,4.2,Kankurgachhi,East Kolkata,"1,700 for 2 (approx)",Chinese,North Indian,Continental
Chai Break - Kankurgachi,4.4,Kankurgachhi,East Kolkata,800 for 2 (approx),Chinese,Italian,Mexican
Go Green,4.1,Kankurgachhi,East Kolkata,"1,200 for 2 (approx)",Italian,North Indian,Chinese
The Tunnel,4.2,Kankurgachhi,East Kolkata,800 for 2 (approx),Chinese,North Indian,Continental
ChaiApps,3.5,Phool Bagan,North Kolkata,400 for 2 (approx),Continental,Italian,Fast Food
Goofys Cafe,4.3,Maniktala,North Kolkata,"1,000 for 2 (approx)",North Indian,Chinese,Italian
Fantastic Food Story,4.3,Hati Bagan,North Kolkata,800 for 2 (approx),Chinese,North Indian,Continental
Food Station,4.3,College Street,North Kolkata,"1,000 for 2 (approx)",Chinese,North Indian,South Indian
Cave Cafe & Lounge,4.1,Girish Park,North Kolkata,800 for 2 (approx),Fast Food,Chinese,Beverages
C/o. Bangali,4.2,Hati Bagan,North Kolkata,800 for 2 (approx),Bengali,North Indian,Chinese
Jungle Safari,4.3,"Mani Square,",Kankurgachhi,"1,700 for 2 (approx)",North Indian,Bengali,Seafood
The 2nd Story Cafe And Lounge,4.3,Salt Lake,East Kolkata,"1,100 for 2 (approx)",Chinese,North Indian,Fast Food
Bengal Dhaba,4.3,Ultadanga,North Kolkata,"1,100 for 2 (approx)",Chinese,North Indian,Bengali
Uno Pizzeria & Grill,4.4,Kankurgachhi,East Kolkata,"2,200 for 2 (approx)",American,Italian,Continental
"The Swig - Raajkutir, Swabhumi",3.6,Kankurgachhi,East Kolkata,"1,500 for 2 (approx)",Finger Food,North Indian,Beverages
Soul Kitchen,3.6,Kankurgachhi,East Kolkata,"1,000 for 2 (approx)",Continental,North Indian,Chinese
Raadium Cafe,3.5,Kankurgachhi,East Kolkata,800 for 2 (approx),Chinese,North Indian,Fast Food
The Bhoj Company,4.3,B B D Bagh,Central Kolkata,600 for 2 (approx),Bengali,Chinese,North Indian
Be Kebabii,4.4,Entally,Central Kolkata,400 for 2 (approx),North Indian,Mughlai,Chinese
Waterside Cafe,4.2,"Hyatt Regency,",Salt Lake,"3,000 for 2 (approx)",Italian,North Indian,Continental
Port 15,3.8,Salt Lake,East Kolkata,"1,600 for 2 (approx)",Chinese,North Indian,Continental
Loafer's Cafe,4.4,"City Centre 1,",Salt Lake,800 for 2 (approx),Continental,Italian,American
Angithi,3.9,"Mayur Residency Hotel,",Taltala,700 for 2 (approx),Chinese,North Indian,Continental
Cafe Stadia,3.9,Beliaghata,East Kolkata,700 for 2 (approx),North Indian,Chinese,Fast Food
Calcutta 64,4.4,Salt Lake,East Kolkata,800 for 2 (approx),Continental,Italian,Beverages
Afraa Lounge & Restaurant,4.1,"City Centre 1,",Salt Lake,"2,100 for 2 (approx)",Asian,Italian,North Indian
Zaairah,4.2,Salt Lake,East Kolkata,"1,200 for 2 (approx)",North Indian,Chinese,Italian
Kouzina Mining Co.,4.3,Salt Lake,East Kolkata,"1,400 for 2 (approx)",Chinese,North Indian,Continental
Afraa Deli,4.0,"City Centre 1,",Salt Lake,"1,500 for 2 (approx)",Continental,Italian,European
Piccadilly Square,4.4,"Centre Point,",B B D Bagh,800 for 2 (approx),Continental,Italian,Desserts
Aamaze Dhaba,4.0,Kasba,South Kolkata,800 for 2 (approx),Chinese,North Indian,Bengali
Canteen Pub & Grub,4.1,"City Centre 1,",Salt Lake,"1,900 for 2 (approx)",Finger Food,Continental,Asian
Haka,4.2,"City Centre 1,",Salt Lake,900 for 2 (approx),Chinese,Beverages,Asian
Alfresco,4.2,"The Lalit Great Eastern Kolkata,",B B D Bagh,"3,000 for 2 (approx)",North Indian,Continental,Chinese
Le Coffee Creme,4.1,Salt Lake,East Kolkata,"1,000 for 2 (approx)",Continental,Italian,North Indian
K Local,4.0,"City Centre 1,",Salt Lake,"1,700 for 2 (approx)",Finger Food,North Indian,Fast Food
The Bakery,4.0,"The Lalit Great Eastern Kolkata,",B B D Bagh,"1,000 for 2 (approx)",Desserts,Italian,American
Calcutta Bakery Cafe,4.0,Salt Lake,East Kolkata,600 for 2 (approx),Chinese,Continental,Asian
Orkos Restaurant  And Lounge Bar,3.9,"City Centre 1,",Salt Lake,"2,200 for 2 (approx)",Chinese,North Indian,Continental
The Scoop,3.8,"City Centre 1,",Salt Lake,500 for 2 (approx),Chinese,North Indian,Fast Food
Aafreen Restaurant,4.3,Taltala,Central Kolkata,600 for 2 (approx),North Indian,Chinese,Mughlai
Snaptown,4.2,Salt Lake,East Kolkata,800 for 2 (approx),North Indian,Chinese,Fast Food
Dash of This and Dash of That,3.7,"City Centre 1,",Salt Lake,"2,000 for 2 (approx)",Chinese,Finger Food,Continental
Mirage - Poolside Bar & Cafe,4.1,"The Stadel,",Salt Lake,"2,500 for 2 (approx)",Italian,Asian,Continental
Raj Spanish Cafe,4.2,New Market,Central Kolkata,600 for 2 (approx),Italian,Spanish,Fast Food
Since 2016 Cafe,3.6,Salt Lake,East Kolkata,700 for 2 (approx),Continental,Fast Food,Beverages
Friday Release,4.2,Salt Lake,East Kolkata,"1,000 for 2 (approx)",North Indian,Chinese,Italian
New Empire Bar,4.2,New Market,Central Kolkata,"1,000 for 2 (approx)",Finger Food,North Indian,Chinese
Sand,4.3,"De Sovrani,",Salt Lake,"1,600 for 2 (approx)",North Indian,Continental,Italian
6 Ballygunge Place,4.2,Salt Lake,East Kolkata,800 for 2 (approx),Bengali,North Indian,Mughlai
Ambrosia Restaurant & Bar,4.2,Salt Lake,East Kolkata,"1,000 for 2 (approx)",North Indian,Chinese,Italian
Plush 28,4.2,Salt Lake,East Kolkata,"1,500 for 2 (approx)",North Indian,Chinese,Italian
First Innings,3.8,"The Stadel,",Salt Lake,"1,600 for 2 (approx)",North Indian,Chinese,Bengali
Anti Pasti,4.3,"Golden Tulip,",Salt Lake,"1,200 for 2 (approx)",Chinese,North Indian,Continental
The Bhoj Company,3.9,New Market,Central Kolkata,600 for 2 (approx),Bengali,Chinese,North Indian
Kouzina Marine,4.3,Salt Lake,East Kolkata,"1,400 for 2 (approx)",Continental,North Indian,Italian
Ego Retro Lounge,3.6,"The Peerless Inn,",Esplanade,"3,400 for 2 (approx)",Finger Food,Chinese,Asian
Blue & Beyond,3.8,"The Lindsay Kolkata,",Dharmatala,"1,300 for 2 (approx)",Chinese,North Indian,Continental
Oudh 1590,4.3,Salt Lake,East Kolkata,"1,400 for 2 (approx)",Mughlai,Biryani,Awadhi
Peter Cat,4.3,Park Street,Central Kolkata,"1,000 for 2 (approx)",Continental,North Indian,Fast Food
Noir,4.1,"Golden Tulip,",Salt Lake,"1,400 for 2 (approx)",Continental,Chinese,North Indian
Scoop,3.8,"New Empire Cinema,",New Market,"1,000 for 2 (approx)",Fast Food,Continental,Beverages
Flambe,4.0,"Hotel The Sojourn,",Salt Lake,"1,000 for 2 (approx)",North Indian,Chinese,Bengali
Speak Easy,3.8,"New Empire Cinema,",New Market,"1,800 for 2 (approx)",Finger Food,Continental,North Indian
Loca Kitchen & Lounge,3.7,Salt Lake,East Kolkata,800 for 2 (approx),Italian,Continental,Chinese
JW Kitchen,4.3,"JW Marriott Hotel Kolkata,",JBS Haldane Avenue,"3,500 for 2 (approx)",Continental,European,Pizza
Charnockâ€™s,3.9,Salt Lake,East Kolkata,"1,400 for 2 (approx)",North Indian,Bengali,Seafood
Banjara,3.8,New Market,Central Kolkata,700 for 2 (approx),North Indian,Continental,Chinese
Mugs and Shots,3.7,Taltala,Central Kolkata,"1,000 for 2 (approx)",Continental,Italian,Mexican
Barista Coffee,3.7,"New Empire Cinema,",New Market,500 for 2 (approx),Beverages,Desserts,Fast Food
Blue Sky Cafe,3.8,New Market,Central Kolkata,900 for 2 (approx),Continental,Italian,Chinese
The Lords and Barons,4.2,Park Street,Central Kolkata,"2,000 for 2 (approx)",North Indian,Continental,Asian
Don Giovanni's,4.1,Salt Lake,East Kolkata,"1,000 for 2 (approx)",Italian,North Indian,Bengali
The Verandah,4.2,Bidhannagar,East Kolkata,800 for 2 (approx),Bengali,Fast Food,Beverages
Qube,3.7,"Hotel The Sojourn,",Salt Lake,"1,500 for 2 (approx)",Continental,North Indian,Chinese
Kareem's,4.2,Park Street,Central Kolkata,"1,500 for 2 (approx)",Mughlai,North Indian,Seafood
Olterra,4.2,Park Street,Central Kolkata,"2,200 for 2 (approx)",North Indian,Italian,Continental
Hotel Shivam Restaurant & Bar,4.3,"Hotel Shivam,",Howrah,"1,000 for 2 (approx)",North Indian,Chinese,Continental
SkyDeck- Polo Floatel Calcutta,4.4,"Floatel Hotel,",B B D Bagh,"2,300 for 2 (approx)",Continental,Asian,Chinese
Mocambo,4.3,Park Street,Central Kolkata,"1,000 for 2 (approx)",Continental,Italian,North Indian
The GRID,4.3,"Haute Street Corporate Park,",Topsia,"3,000 for 2 (approx)",Finger Food,North Indian,Italian
Urban Masala,4.2,Lake Town,East Kolkata,800 for 2 (approx),Chinese,North Indian,Fast Food
Bridge Bistro Bar,4.3,"Floatel Hotel,",B B D Bagh,"2,500 for 2 (approx)",Chinese,Continental,Mughlai
Vintage Asia,4.4,"JW Marriott Hotel Kolkata,",JBS Haldane Avenue,"3,200 for 2 (approx)",Asian,Cantonese,Tibetan
ROSK,3.8,Park Street,Central Kolkata,"1,800 for 2 (approx)",North Indian,Chinese,Continental
Hard Rock Cafe,4.4,"Park Mansion,",Park Street,"2,500 for 2 (approx)",American,Continental,North Indian
Carpe Diem,4.4,Park Street,Central Kolkata,"2,300 for 2 (approx)",Italian,North Indian,Chinese
Aqua,4.1,"The Park Hotel,",Park Street,"3,500 for 2 (approx)",Finger Food,Continental,North Indian
21 PLUS,4.0,Park Street,Central Kolkata,"1,000 for 2 (approx)",Fast Food,North Indian,Chinese
The Bridge,4.1,"The Park Hotel,",Park Street,"2,500 for 2 (approx)",Continental,North Indian,Asian
The Other Room by Trincas,4.1,Park Street,Central Kolkata,900 for 2 (approx),Chinese,Continental,Asian
Moti Mahal Delux,4.4,"Park Center Building,",Park Street,"1,500 for 2 (approx)",Chinese,North Indian,Mughlai
Aatithya,4.0,Lake Town,East Kolkata,600 for 2 (approx),Chinese,Seafood,Bengali
Effingut,4.3,Park Street,Central Kolkata,"2,400 for 2 (approx)",Continental,North Indian,Biryani
Trapeze,4.2,Park Street,Central Kolkata,"2,200 for 2 (approx)",North Indian,Asian,Finger Food
Tavern behind Trincas,4.0,Park Street,Central Kolkata,"1,100 for 2 (approx)",North Indian,Chinese,Continental
Hammer,4.3,Park Street,Central Kolkata,"1,200 for 2 (approx)",Continental,North Indian,Mexican
Don Giovanni's Good Fellas,3.9,"Park Mansion,",Park Street,"1,400 for 2 (approx)",Continental,North Indian,Asian
Magnolia,4.1,Park Street,Central Kolkata,"1,200 for 2 (approx)",Chinese,Continental,North Indian
Please Don't Talk,4.3,Ho Chi Minh Sarani,Central Kolkata,"1,500 for 2 (approx)",Italian,Lebanese,North Indian
The GT Route,4.2,"Jameson Inn,",Park Street,900 for 2 (approx),North Indian,Bengali,Awadhi
Ping's Cafe Orient,4.4,Park Street,Central Kolkata,"1,300 for 2 (approx)",Chinese,Thai,Asian
Moulin Rouge,3.9,Park Street,Central Kolkata,"1,800 for 2 (approx)",Finger Food,Chinese,North Indian
Little Roti,4.3,Park Street,Central Kolkata,700 for 2 (approx),North Indian,South Indian,Fast Food
Hit Wicket,3.7,Salt Lake,East Kolkata,800 for 2 (approx),North Indian,Continental,Chinese
Octa,4.2,Park Street,Central Kolkata,"1,100 for 2 (approx)",Sushi,Korean,Japanese
Oudh 1590,3.9,Lake Town,East Kolkata,"1,400 for 2 (approx)",Mughlai,Biryani,Awadhi
1000 BC,4.2,Park Street,Central Kolkata,"1,200 for 2 (approx)",Italian,North Indian,Mexican
Sabka Club,4.4,"Haute Street Corporate Park,",Topsia,"2,200 for 2 (approx)",Chinese,North Indian,Asian
Bahula,4.4,Topsia,East Kolkata,"1,300 for 2 (approx)",North Indian,Chinese,Asian
NX Lounge,4.4,"Metropolitan Co-Operative Housing Society Limited,",Tangra,"1,900 for 2 (approx)",Italian,Asian,Continental
Barista Coffee,3.8,Park Street,Central Kolkata,500 for 2 (approx),Beverages,Desserts,Fast Food
The Burger Factory,3.7,Tangra,East Kolkata,700 for 2 (approx),Fast Food,North Indian,Chinese
Roll It Out,4.1,Park Street,Central Kolkata,600 for 2 (approx),Chinese,Fast Food,Beverages
I Love Haldiram,4.0,Russel Street,South Kolkata,400 for 2 (approx),Street Food,Chinese,Fast Food
Shiraz@56,3.9,"Jameson Inn,",Park Street,"1,200 for 2 (approx)",Continental,North Indian,Chinese
La Shivaaz,3.9,"Hotel Shivam,",Howrah,"1,200 for 2 (approx)",Chinese,North Indian,Awadhi
The Burger Factory,3.6,Park Street,Central Kolkata,700 for 2 (approx),Fast Food,North Indian,Chinese
Badmaash,3.7,Park Street,Central Kolkata,"1,800 for 2 (approx)",North Indian,Continental,Mughlai
Level Seven,4.1,Topsia,East Kolkata,"2,600 for 2 (approx)",North Indian,Chinese,Italian
LMNOQ,3.7,Park Street,Central Kolkata,"1,400 for 2 (approx)",Chinese,North Indian,Italian
Sharma Tea,4.3,Salt Lake,East Kolkata,350 for 2 (approx),Street Food,Beverages,Tea
TFO - The Factory Outlet,4.3,"Westside Building,",Camac Street,"1,600 for 2 (approx)",Italian,Mexican,Continental
The Scoop of Happiness,4.0,Salt Lake,East Kolkata,500 for 2 (approx),Chinese,North Indian,Fast Food
Sam's Pub,3.5,Park Street,Central Kolkata,"1,200 for 2 (approx)",Chinese,North Indian,Continental
Floriana,3.5,Park Street,Central Kolkata,"1,200 for 2 (approx)",Chinese,North Indian,Continental
Terminal 11,4.3,Salt Lake,East Kolkata,"1,500 for 2 (approx)",Continental,Health Food,Beverages
One Bottle Down,3.9,Camac Street,Central Kolkata,"2,200 for 2 (approx)",Finger Food,North Indian,Chinese
Scarlet,3.9,"Aauris,",Shakespeare Sarani,800 for 2 (approx),American,Italian,Fast Food
Williams Kitchen,4.3,Shakespeare Sarani,Central Kolkata,"1,500 for 2 (approx)",North Indian,Asian,Chinese
Starlight,4.3,Salt Lake,East Kolkata,900 for 2 (approx),Chinese,Fast Food,North Indian
The Salt House,4.3,Shakespeare Sarani,Central Kolkata,"2,000 for 2 (approx)",Continental,Italian,Pizza
Chowman,4.2,Sinthi,North Kolkata,"1,000 for 2 (approx)",Chinese,Asian,Thai
Azad Hind Dhaba,3.5,Salt Lake,East Kolkata,800 for 2 (approx),North Indian,Chinese,Mughlai
Arhaam Rasoi,3.5,"Hotel Crestwood,",Park Circus,600 for 2 (approx),Chinese,Mughlai,Bengali
Chowman,4.3,Salt Lake,East Kolkata,"1,000 for 2 (approx)",Chinese,Asian,Thai
Q33,4.4,"Quest Mall,",Ballygunge,900 for 2 (approx),Continental,Fast Food,Beverages
Pavilion,4.0,Park Circus,South Kolkata,200 for 2 (approx),North Indian,Chinese,Fast Food
Botanik,4.4,"Golden Parkk,",Ho Chi Minh Sarani,"2,800 for 2 (approx)",North Indian,Asian,Chinese
Kaidi Kitchen,4.3,Park Street,Central Kolkata,"1,400 for 2 (approx)",North Indian,Asian,Italian
One8 Commune,4.4,Park Street,Central Kolkata,"2,000 for 2 (approx)",North Indian,Italian,Continental
Santa's Fantasea,4.3,Salt Lake,East Kolkata,"1,000 for 2 (approx)",Chinese,Thai,Seafood
Junglee Cafe,3.8,AJC Bose Road,South Kolkata,500 for 2 (approx),North Indian,Chinese,Fast Food
Deck 88,4.4,"The Astor Kolkata,",Shakespeare Sarani,"2,000 for 2 (approx)",Continental,North Indian,Asian
The Gupta's,4.2,Shakespeare Sarani,Central Kolkata,700 for 2 (approx),North Indian,Italian,South Indian
Bombay Brasserie,4.3,"Quest Mall,",Ballygunge,"1,200 for 2 (approx)",Modern Indian,Fast Food,Beverages
Kebab-e-Que,4.2,"The Astor Kolkata,",Shakespeare Sarani,"1,800 for 2 (approx)",North Indian,Chinese,Asian
Monkey Bar,4.4,"Fort Knox Mall,",Camac Street,"1,800 for 2 (approx)",Chinese,Continental,North Indian
The Irish House,4.3,"Quest Mall,",Ballygunge,"2,000 for 2 (approx)",American,European,Continental
Wafira,4.0,Ho Chi Minh Sarani,Central Kolkata,"2,800 for 2 (approx)",North Indian,Continental,Chinese
Nawwarah Dine Lounge & Sweets,4.2,Ballygunge,South Kolkata,"1,400 for 2 (approx)",Chinese,North Indian,Continental
Stun The Sun,3.7,Camac Street,Central Kolkata,800 for 2 (approx),Chinese,Continental,Mexican
Subway,3.6,Shakespeare Sarani,Central Kolkata,500 for 2 (approx),Fast Food,Italian,Beverages
Krazy For Chocolates,4.2,"Regency Building,",Minto Park,900 for 2 (approx),North Indian,Chinese,South Indian
Darao Pathik Bor,4.3,Dumdum,24 Parganas North,"1,200 for 2 (approx)",Chinese,North Indian,Mughlai
Zobet,4.4,"Fort Knox Mall,",Camac Street,"1,000 for 2 (approx)",Modern Indian,Sushi,Fast Food
Cafe 82,4.1,Bidhannagar,East Kolkata,"1,400 for 2 (approx)",Continental,Fast Food,Beverages
KhanaSutra,4.1,"Park Prime Hotel,",AJC Bose Road,"1,800 for 2 (approx)",Finger Food,North Indian,Chinese
La Letizia Cafe & Restro,4.0,Ballygunge,South Kolkata,800 for 2 (approx),Chinese,North Indian,Fast Food
The Dark Barrel,3.8,Salt Lake,East Kolkata,"1,800 for 2 (approx)",Chinese,Continental,North Indian
Mintelaa,4.2,Minto Park,South Kolkata,"1,100 for 2 (approx)",North Indian,Continental,Asian
Scrapyard,4.3,Camac Street,Central Kolkata,"1,500 for 2 (approx)",North Indian,Chinese,Continental
Chai Break - Ballygunge,4.3,Ballygunge,South Kolkata,800 for 2 (approx),Chinese,Italian,Beverages
Casa Kitchen,4.3,"Casa Fortuna Hotel,",AJC Bose Road,"1,200 for 2 (approx)",Chinese,North Indian,Continental
Deli Cravings,3.7,Minto Park,South Kolkata,800 for 2 (approx),Italian,Burger,Continental
Rendezvous,4.1,"Hotel Monotel,",Salt Lake,"1,100 for 2 (approx)",Bengali,Continental,North Indian
Capella Kitchen & SkyBar,4.2,"Altair Boutique Hotel,",Salt Lake,"1,800 for 2 (approx)",Finger Food,Asian,Continental
Reality,4.1,Camac Street,Central Kolkata,"1,400 for 2 (approx)",North Indian,Continental,Japanese
Haldiram's,3.8,Camac Street,Central Kolkata,400 for 2 (approx),North Indian,South Indian,Chinese
Double Down,4.4,Elgin Road,South Kolkata,"2,500 for 2 (approx)",Chinese,North Indian,Continental
I Love Haldiram,4.2,Ballygunge,South Kolkata,400 for 2 (approx),Street Food,Chinese,Fast Food
Hit Wicket,3.8,Ballygunge,South Kolkata,"1,200 for 2 (approx)",Chinese,North Indian,Fast Food
Annu's Cuisinee,4.3,Howrah,Howrah,500 for 2 (approx),Chinese,North Indian,South Indian
Tram Deepo,3.8,Ballygunge,South Kolkata,"2,000 for 2 (approx)",Finger Food,Chinese,North Indian
Kalash,4.0,"Hotel Hindusthan International,",AJC Bose Road,"1,800 for 2 (approx)",Mughlai,Bengali,North Indian
TGI Friday's,4.3,"Forum Mall,",Elgin Road,"1,700 for 2 (approx)",North Indian,Continental,Fast Food
Red Kitchen and Lounge,4.3,"Diamond Plaza Mall,",Jessore Road,"1,000 for 2 (approx)",Chinese,North Indian,Continental
Stardom,4.4,Elgin Road,South Kolkata,"1,000 for 2 (approx)",Continental,Mexican,North Indian
Ciel Cafe and Diner,3.8,Salt Lake,East Kolkata,"1,500 for 2 (approx)",Chinese,North Indian,Continental
The Vibe,4.1,Elgin Road,South Kolkata,800 for 2 (approx),Fusion,Chinese,Beverages
Chak De Phatte,3.5,Sinthi,North Kolkata,"1,000 for 2 (approx)",North Indian,Chinese,Mughlai
11 To 11 Tastebusterzz,3.9,"Diamond Plaza Mall,",Jessore Road,"1,100 for 2 (approx)",Chinese,North Indian,Italian
Cafe Offbeat - Up There,4.1,Topsia,East Kolkata,"1,200 for 2 (approx)",Continental,Asian,North Indian
Tyre Patty,4.3,Elgin Road,South Kolkata,"1,000 for 2 (approx)",Finger Food,Chinese,Continental
The Tavern Lounge,4.4,Bidhannagar,East Kolkata,"1,800 for 2 (approx)",Continental,Chinese,North Indian
Sly Fox Gastro Club,4.4,"Globsyn Crystals Building,",Salt Lake,"2,000 for 2 (approx)",Chinese,Continental,North Indian
Rang De Basanti Dhaba,3.8,"Diamond Plaza Mall,",Jessore Road,700 for 2 (approx),North Indian,Chinese,Biryani
Bohemian Cafe,4.2,Elgin Road,South Kolkata,700 for 2 (approx),Chinese,Fast Food,Beverages
Starstruck,3.9,"Forum Mall,",Elgin Road,"1,400 for 2 (approx)",North Indian,Chinese,Continental
Fusion,3.7,Liluah,Howrah,400 for 2 (approx),North Indian,Chinese,Seafood
The Bikers Cafe,4.3,"Platinum Mall,",Elgin Road,"1,100 for 2 (approx)",Continental,Italian,North Indian
Red Xpress,4.2,"Bengal Intelligent Park Limited,",Salt Lake,"1,500 for 2 (approx)",Chinese,North Indian,Continental
Chai Break - Allenby Road,4.3,Elgin Road,South Kolkata,800 for 2 (approx),Chinese,Italian,Mexican
Kolkata Mixtape,4.0,Elgin Road,South Kolkata,"1,200 for 2 (approx)",North Indian,Chinese,Continental
Pour House,4.2,Salt Lake,East Kolkata,"1,800 for 2 (approx)",North Indian,Chinese,Continental
Five Mad Men,4.3,"BIPL Omega Building,",Salt Lake,"2,000 for 2 (approx)",Continental,North Indian,Italian
Hi Brew,4.3,"Senses Hotel,",Salt Lake,"1,100 for 2 (approx)",North Indian,Chinese,Mughlai
Bakstage Gourmet,4.0,"Insignia Tower,",Salt Lake,"1,500 for 2 (approx)",Continental,North Indian,Chinese
The Cult By Bikers Cafe,4.3,"Globsyn Crystals Building,",Salt Lake,"2,200 for 2 (approx)",North Indian,Continental,Asian
Cloud Tavern,4.4,Sarat Bose Road,South Kolkata,"1,600 for 2 (approx)",Finger Food,Chinese,Continental
Refinery091,4.3,"Globsyn Crystals Building,",Salt Lake,"2,000 for 2 (approx)",Finger Food,Italian,Chinese
Pepper Chino,4.3,"The Samilton Hotel,",Sarat Bose Road,"1,600 for 2 (approx)",Asian,North Indian,Continental
Firangi Dhaba,4.2,Salt Lake,East Kolkata,700 for 2 (approx),Chinese,North Indian,Asian
Sloshed By Spice Kraft,4.0,Salt Lake,East Kolkata,"1,600 for 2 (approx)",Asian,Continental,Finger Food
The Brewmaster,4.3,"Infinity Benchmark,",Salt Lake,"1,200 for 2 (approx)",North Indian,Chinese,Continental
Chai Break Cafe & Bar - Sector 5,4.2,"RDB Boulevard,",Salt Lake,"1,000 for 2 (approx)",Chinese,Italian,Mexican
35 Bar N Lounge,4.3,"The Samilton Hotel,",Sarat Bose Road,"1,200 for 2 (approx)",North Indian,Chinese,Continental
The Bhoj Company,4.0,"PS Srijan Corporate Park,",Salt Lake,600 for 2 (approx),Bengali,Chinese,North Indian
10 Downing Street,4.3,"PS Srijan Corporate Park,",Salt Lake,"1,600 for 2 (approx)",Finger Food,Chinese,North Indian
The Spirits,4.1,"Globsyn Crystals Building,",Salt Lake,"2,600 for 2 (approx)",North Indian,Chinese,Continental
The Brewhive,4.3,"PS Srijan Corporate Park,",Salt Lake,"1,800 for 2 (approx)",Continental,Finger Food,Italian
Jaisalmer Sonar Kella,3.9,"Globsyn Crystals Building,",Salt Lake,"1,800 for 2 (approx)",North Indian,Chinese,Continental
Yak Brewing Co. Kolkata,4.0,"RDB Boulevard,",Salt Lake,"1,000 for 2 (approx)",Chinese,Tibetan,Sushi
Chowman,4.4,Ballygunge,South Kolkata,"1,000 for 2 (approx)",Chinese,Asian,Thai
The Flaming Bowl,4.4,Bhawanipur,South Kolkata,"1,000 for 2 (approx)",Chinese,Thai,North Indian
Roll It Out,3.8,"RDB Boulevard,",Salt Lake,600 for 2 (approx),Fast Food,Chinese,Beverages
Hi - Tribe,3.7,"Globsyn Crystals Building,",Salt Lake,"1,200 for 2 (approx)",North Indian,Chinese,Continental
Mamasan,4.2,Ballygunge,South Kolkata,"1,200 for 2 (approx)",Japanese,Chinese,Thai
Bistro Y,4.2,Salt Lake,East Kolkata,"1,700 for 2 (approx)",North Indian,Chinese,Continental
Tipsy Tiger,4.3,"The Meridian Building,",Salt Lake,"2,600 for 2 (approx)",Italian,North Indian,Continental
Raize The Bar,4.4,"Godrej Waterside,",Salt Lake,"2,000 for 2 (approx)",Chinese,North Indian,Continental
Ocean Grill,3.6,"Infinity Benchmark,",Salt Lake,"1,500 for 2 (approx)",Chinese,North Indian,Italian
Perfect Place In Town,4.2,"Stesalit Towers,",Salt Lake,"2,000 for 2 (approx)",North Indian,Continental,Finger Food
Kinz,4.4,Shibpur,Howrah,700 for 2 (approx),Chinese,North Indian,Mughlai
La Cocina,4.1,Sarat Bose Road,South Kolkata,600 for 2 (approx),North Indian,Chinese,Continental
Sadda Haq,4.0,Ballygunge,South Kolkata,800 for 2 (approx),North Indian,Fast Food,Continental
Toasted N Roasted,4.3,Salt Lake,East Kolkata,500 for 2 (approx),North Indian,Chinese,Fast Food
Club Fenicia,4.1,"Godrej Waterside,",Salt Lake,"2,200 for 2 (approx)",Asian,Italian,North Indian
Fly Kouzina,4.2,Ballygunge,South Kolkata,"1,400 for 2 (approx)",North Indian,Chinese,Continental
Melting Pot,4.2,Ballygunge,South Kolkata,700 for 2 (approx),Chinese,Continental,Fast Food
Mainland China,3.9,"Avani Riverside Mall,",Shibpur,"1,200 for 2 (approx)",Chinese,Asian,Thai
Spicy AF,4.0,Salt Lake,East Kolkata,600 for 2 (approx),North Indian,Chinese,Fast Food
Baccara,3.7,Bhawanipur,South Kolkata,"1,000 for 2 (approx)",Continental,Asian,Italian
Azad Hind Dhaba,4.0,"Satya Narayanan Apartment,",Salt Lake,800 for 2 (approx),North Indian,Chinese,Mughlai
Azad Hind Dhaba,3.6,Bhawanipur,South Kolkata,800 for 2 (approx),North Indian,Chinese,Mughlai
Club Barocks,3.8,"Godrej Waterside,",Salt Lake,"1,400 for 2 (approx)",Finger Food,North Indian,Chinese
Hing,3.5,Salt Lake,East Kolkata,"1,000 for 2 (approx)",Chinese,North Indian,Seafood
Shimla Biryani,4.1,E M Bypass,South Kolkata,600 for 2 (approx),North Indian,Chinese,Beverages
Karma Kettle,3.8,Ballygunge,South Kolkata,"1,000 for 2 (approx)",Continental,Finger Food,Italian
K-19,3.8,"The Claridale,",Ballygunge,"2,500 for 2 (approx)",North Indian,Italian,Asian
Serenity Cafe De' Bistro,4.0,Ballygunge,South Kolkata,"1,100 for 2 (approx)",Continental,Italian,Chinese
Hotel Swagath,4.0,Hazra,South Kolkata,600 for 2 (approx),South Indian,North Indian,Fast Food
BJs Sports Lounge,4.2,Sarat Bose Road,South Kolkata,"1,000 for 2 (approx)",Italian,Continental,Chinese
Shillong Point,4.0,Ballygunge,South Kolkata,"1,000 for 2 (approx)",Chinese,Tibetan,Asian
Denzong Kitchen,3.9,Hazra,South Kolkata,600 for 2 (approx),Chinese,Asian,Tibetan
CLUB AERIES,4.4,Kalighat,South Kolkata,"1,500 for 2 (approx)",North Indian,Fast Food,Beverages
Zahtar,3.8,"The Maureen,",Baguiati,"1,400 for 2 (approx)",Chinese,North Indian,Continental
Afterhours - Pub,3.9,"The Maureen,",Baguiati,"1,800 for 2 (approx)",Finger Food,Fast Food,Chinese
The Kitchen,4.0,Jessore Road,24 Parganas North,600 for 2 (approx),North Indian,Chinese,Thai
Orkos Restaurant,3.9,"Regenta Orkos Hotel,",Kasba,"1,500 for 2 (approx)",Chinese,North Indian,Bengali
Bedouin - Sher E Bengal,3.8,Rashbehari Avenue,South Kolkata,800 for 2 (approx),Bengali,North Indian,Chinese
Hatari,4.4,Rashbehari Avenue,South Kolkata,"1,000 for 2 (approx)",Chinese,Seafood,North Indian
Tribe,4.0,Golpark,South Kolkata,"1,100 for 2 (approx)",Continental,Fast Food,Italian
Marina Creek,4.3,Gariahat,South Kolkata,600 for 2 (approx),Fast Food,Pizza,American
The Dayroom Cafe,4.2,Gariahat,South Kolkata,700 for 2 (approx),Continental,Italian,Thai
Flavourable,4.0,Desapriya Park,South Kolkata,800 for 2 (approx),Continental,North Indian,Chinese
The Chaiwala,4.4,Hindustan Park,South Kolkata,600 for 2 (approx),Fast Food,Tea,Desserts
Mystic Yoga Cafe,4.1,Golpark,South Kolkata,500 for 2 (approx),Health Food,Tea,Continental
Wasabee,4.0,Desapriya Park,South Kolkata,"1,500 for 2 (approx)",Chinese,Japanese,Asian
Tamarind,4.2,Kalighat,South Kolkata,"1,000 for 2 (approx)",South Indian,Andhra,North Indian
Green Chillyz,4.0,Hazra,South Kolkata,400 for 2 (approx),North Indian,Chinese,Mughlai
The Green House,4.3,Gariahat,South Kolkata,"1,000 for 2 (approx)",North Indian,Chinese,Fast Food
The Manifest,4.4,Kasba,South Kolkata,800 for 2 (approx),Continental,Chinese,Asian
Burnt Garlic,4.3,Kalighat,South Kolkata,"2,100 for 2 (approx)",European,Asian,Continental
Suufiyana,4.3,Kalighat,South Kolkata,800 for 2 (approx),North Indian,Mughlai,Chinese
Indthalia,3.5,Hindustan Park,South Kolkata,"1,000 for 2 (approx)",Continental,Chinese,North Indian
Kafe 9,3.6,Golpark,South Kolkata,"1,000 for 2 (approx)",Chinese,Continental,Fast Food
Potboiler Coffee House,4.1,Kalighat,South Kolkata,700 for 2 (approx),Fast Food,Desserts,Beverages
Honey Da Dhaba,4.2,Kasba,South Kolkata,600 for 2 (approx),North Indian,Chinese,Thai
Cafe Buddy's Espresso,4.0,Ballygunge,South Kolkata,900 for 2 (approx),Beverages,Continental,Italian
Zucca Lounge,4.0,Southern Avenue,South Kolkata,"1,900 for 2 (approx)",Chinese,Continental,Italian
Oudh 1590,4.3,Kalighat,South Kolkata,"1,400 for 2 (approx)",Mughlai,Biryani,Awadhi
Vault,4.0,Desapriya Park,South Kolkata,"2,500 for 2 (approx)",Finger Food,Fast Food,Continental
Ozora,4.0,"Acropolis Mall,",Kasba,"2,400 for 2 (approx)",North Indian,Continental,Italian
Oudh 1590,4.4,Southern Avenue,South Kolkata,"1,400 for 2 (approx)",Mughlai,Biryani,Awadhi
Cheeni Kum Lounge & Bar,4.0,"Hotel Narayani Enclave,",Kasba,"1,300 for 2 (approx)",Chinese,North Indian,Continental
Indthalia,4.3,Southern Avenue,South Kolkata,"1,000 for 2 (approx)",Chinese,Italian,Beverages
Bijoli Grill,4.2,Southern Avenue,South Kolkata,700 for 2 (approx),Bengali,Chinese,Continental
Fusion Fantasea,4.4,Southern Avenue,South Kolkata,"1,000 for 2 (approx)",Seafood,Bengali,Mangalorean
La Trio Pizza,4.1,Southern Avenue,South Kolkata,600 for 2 (approx),Pizza,Beverages,Fast Food
7-Eleven,3.8,Kasba,South Kolkata,500 for 2 (approx),Fast Food,Beverages,Desserts
Captain's Deck Bar and Grill,3.8,Southern Avenue,South Kolkata,"2,500 for 2 (approx)",Chinese,Continental,North Indian
Salaam Namaste,4.0,Sarat Bose Road,South Kolkata,500 for 2 (approx),Chinese,North Indian,Fast Food
The Dugout,4.4,Southern Avenue,South Kolkata,"1,200 for 2 (approx)",Chinese,North Indian,Fast Food
The Canteen By Asia House,4.2,Southern Avenue,South Kolkata,"1,000 for 2 (approx)",Chinese,Thai,Asian
The Royal Bengal Tiger,4.0,Sarat Bose Road,South Kolkata,600 for 2 (approx),Bengali,Street Food,Beverages
Hola,4.2,Southern Avenue,South Kolkata,"1,800 for 2 (approx)",Chinese,North Indian,Italian
Maniac,3.7,Sarat Bose Road,South Kolkata,600 for 2 (approx),North Indian,Chinese,Fast Food
RoadHouzz,4.2,Southern Avenue,South Kolkata,"1,600 for 2 (approx)",North Indian,Continental,Chinese
Wabi Sabi,4.4,Southern Avenue,South Kolkata,"1,400 for 2 (approx)",Chinese,North Indian,Thai
Mynt,4.0,"Vivanta Kolkata EM Bypass,",E M Bypass,"1,600 for 2 (approx)",Bengali,North Indian,Continental
Oceania,4.2,"Southern Plaza Hotel,",Southern Avenue,900 for 2 (approx),Chinese,North Indian,Continental
Chai Break - Alipore,4.4,"The Enclave,",Alipore,800 for 2 (approx),Chinese,Italian,Mexican
Bake & Steam,4.3,Southern Avenue,South Kolkata,"1,500 for 2 (approx)",Continental,North Indian,Beverages
Mintelaa,4.4,"Anant Building,",Alipore,"1,100 for 2 (approx)",Chinese,Continental,North Indian
Chennai Tadka,4.3,"PS Magnum,",Kaikhali,500 for 2 (approx),South Indian,Chinese,Fast Food
Ambrosia Restaurant,4.3,Baranagar,24 Parganas North,800 for 2 (approx),Chinese,Continental,Bengali
Food Per Square Foot,4.2,Kaikhali,24 Parganas North,300 for 2 (approx),Chinese,Fast Food,North Indian
Laa Mozarellla,3.8,New Town,24 Parganas North,900 for 2 (approx),Continental,Italian,Fast Food
The Drunken Monkey,3.9,"O2 VIP Hotel,",Kaikhali,"2,000 for 2 (approx)",Finger Food,North Indian,Chinese
The Square,4.1,"Novotel Kolkata Hotel and Residencies,",New Town,"2,700 for 2 (approx)",Asian,North Indian,Continental
On My Way,3.6,Rajarhat,24 Parganas North,800 for 2 (approx),Chinese,North Indian,Fast Food
Riwaz,4.0,New Town,24 Parganas North,700 for 2 (approx),North Indian,Chinese,Biryani
Quantum - Modern Indian Bistro,4.1,Alipore,South Kolkata,"1,300 for 2 (approx)",North Indian,Chinese,Italian
Venezia,4.1,"O2 VIP Hotel,",Kaikhali,"1,200 for 2 (approx)",North Indian,Chinese,Continental
Club 21,3.6,"Meena Tower,",Rajarhat,"1,000 for 2 (approx)",Chinese,Italian,Continental
Country Roads Micro Brewery And Restaurant,4.4,"DLF Galleria,",New Town,"1,200 for 2 (approx)",Continental,North Indian,Chinese
ZEDD Kitchen,4.3,"The Fern Residency,",Rajarhat,"1,500 for 2 (approx)",Continental,North Indian,Chinese
La Komida,4.4,Kalikapur,South Kolkata,"1,000 for 2 (approx)",Continental,Italian,Chinese
Social Kitchen,3.8,"Holiday Inn Kolkata Airport,",Rajarhat,"3,000 for 2 (approx)",North Indian,Continental,European
MNKY HOUSE,4.0,"DLF Galleria,",New Town,"1,200 for 2 (approx)",North Indian,Italian,Chinese
Republic of Noodles,4.2,"Lemon Tree Premier,",New Town,"1,600 for 2 (approx)",Asian,Chinese,Thai
Monkey Temple,4.1,Jodhpur Park,South Kolkata,800 for 2 (approx),Italian,Tea,Fast Food
Abar Baithak,3.9,Jodhpur Park,South Kolkata,"1,000 for 2 (approx)",Fast Food,Italian,Beverages
Cafe Treat,4.1,"The Pride Hotel,",Rajarhat,"1,500 for 2 (approx)",North Indian,Bengali,Chinese
Spice It,3.7,Rajarhat,24 Parganas North,800 for 2 (approx),North Indian,Chinese,Fast Food
One Sip Restro Cafe,4.0,New Town,24 Parganas North,"1,600 for 2 (approx)",North Indian,Chinese,Italian
Afraa Deli,4.3,"City Centre 2, New Town,",Rajarhat,"1,000 for 2 (approx)",Continental,Beverages,Italian
Mainland China,4.4,"South City Mall,",Jadavpur,"1,200 for 2 (approx)",Chinese,Asian,Thai
Glook The Sky Lounge,3.8,New Town,24 Parganas North,"1,363 for 2 (approx)",Chinese,Continental,North Indian
SodaBottleOpenerWala,4.3,"South City Mall,",Jadavpur,"1,000 for 2 (approx)",Parsi,Iranian,Desserts
Chai Break - CC2,4.1,"City Centre 2, New Town,",Rajarhat,800 for 2 (approx),Chinese,Italian,Mexican
Blue Nile,4.0,"City Centre 2, New Town,",Rajarhat,"1,200 for 2 (approx)",Chinese,North Indian,Continental
The Hubb,3.6,Kalikapur,South Kolkata,700 for 2 (approx),Chinese,Continental,Fast Food
Traffic Gastropub,3.9,"City Centre 2, New Town,",Rajarhat,"2,100 for 2 (approx)",North Indian,Chinese,Italian
Bohemian Cafe,3.7,Prince Anwar Shah Road,South Kolkata,700 for 2 (approx),Chinese,Fast Food,Beverages
Blue Nile Lounge,3.7,"City Centre 2, New Town,",Rajarhat,"1,800 for 2 (approx)",Finger Food,North Indian,Chinese
Scrapyard Brewing Co.,3.6,"South City Mall,",Jadavpur,"1,500 for 2 (approx)",North Indian,Italian,Continental
6 Ballygunge Place,4.4,New Town,24 Parganas North,900 for 2 (approx),Bengali,Beverages,Desserts
Sphinx Hookah Lounge,4.3,Dumdum,24 Parganas North,800 for 2 (approx),North Indian,Chinese,Continental
Angie's Cafe,3.9,Prince Anwar Shah Road,South Kolkata,"1,200 for 2 (approx)",Continental,Italian,Fast Food
Crossroad Cafe,4.2,Tollygunge,South Kolkata,800 for 2 (approx),Chinese,Pizza,Continental
Kava,3.9,"Fairfield by Marriott,",New Town,"2,500 for 2 (approx)",North Indian,Chinese,Continental
Chowman,4.2,Golf Green,South Kolkata,"1,000 for 2 (approx)",Chinese,Asian,Thai
The Nest Cafe,3.9,Jadavpur,South Kolkata,500 for 2 (approx),Fast Food,Beverages,Chinese
FryDe Cafe,4.0,Belgharia,24 Parganas North,500 for 2 (approx),Pizza,Italian,Fast Food
Bawarchi Family Restaurant,3.6,Jadavpur,South Kolkata,900 for 2 (approx),Chinese,North Indian,Continental
Calcutta Bistro,4.4,Jadavpur,South Kolkata,"1,000 for 2 (approx)",Chinese,North Indian,Continental
Golden Gate,4.0,Jadavpur,South Kolkata,700 for 2 (approx),Chinese,North Indian,Mughlai
Seasonal Tastes,4.3,"The Westin Kolkata Rajarha,",Rajarhat,"2,600 for 2 (approx)",European,Mediterranean,Asian
"31 32, Westin",3.9,"The Westin Kolkata Rajarha,",Rajarhat,"2,200 for 2 (approx)",Finger Food,Italian,North Indian
Kiraanz - Oasis of Taste,4.2,New Town,24 Parganas North,"1,500 for 2 (approx)",Continental,North Indian,Italian
Malt,4.1,New Town,24 Parganas North,"1,100 for 2 (approx)",Modern Indian,North Indian,Fast Food
Airport City Hotel,4.3,Dumdum,24 Parganas North,800 for 2 (approx),Chinese,North Indian,Continental
Haji Ali,4.0,Santoshpur,South Kolkata,600 for 2 (approx),Mughlai,Chinese,North Indian
Calcutta Bakery Cafe,4.2,Baghajatin,South Kolkata,600 for 2 (approx),Chinese,Continental,Asian
The Chaiwala,3.9,Tollygunge,South Kolkata,800 for 2 (approx),Fast Food,Beverages,Desserts
L'Instant Cafe,4.0,Tollygunge,South Kolkata,800 for 2 (approx),Continental,Italian,Desserts
Chai Break - Candor,4.2,Rajarhat,24 Parganas North,800 for 2 (approx),Chinese,Italian,Beverages
Sonamati Restaurant,3.8,Behala,South Kolkata,700 for 2 (approx),Chinese,North Indian,Fast Food
Reflexion,4.3,"The Majestic Suites,",Rajarhat,"1,100 for 2 (approx)",Bengali,Chinese,North Indian
The Seven 14,3.5,"Metropolis Mall,",Santoshpur,800 for 2 (approx),Asian,Chinese,Desserts
The Bongz Resto,3.9,New Town,24 Parganas North,"1,000 for 2 (approx)",Chinese,North Indian,Mughlai
Beans N Barrels,4.1,New Town,24 Parganas North,"1,000 for 2 (approx)",Continental,Fast Food,Chinese
Chufang The Kitchen,4.2,New Town,24 Parganas North,700 for 2 (approx),Chinese,North Indian,Asian
Hotel Royal Height,4.0,Behala,South Kolkata,"1,200 for 2 (approx)",Chinese,Continental,North Indian
Ice Choco Cafe,3.6,Tollygunge,South Kolkata,600 for 2 (approx),Chinese,Burger,Fast Food
Chowman,4.2,Garia,South Kolkata,"1,000 for 2 (approx)",Chinese,Asian,Thai
Oudh 1590,4.2,Naktala,South Kolkata,"1,400 for 2 (approx)",Mughlai,Biryani,Awadhi
Dunes Cafe,4.1,Garia,South Kolkata,700 for 2 (approx),Chinese,North Indian,Continental
Yuan,3.9,Garia,South Kolkata,800 for 2 (approx),Chinese,Thai,Asian
Arhaam Rasoi,3.7,"Uniworld Downtown Mall,",New Town,800 for 2 (approx),Chinese,North Indian,Bengali
Savour N Chillers,3.5,Tollygunge,South Kolkata,700 for 2 (approx),Chinese,North Indian,Seafood
Chowman,4.3,Sodepur,24 Parganas North,"1,000 for 2 (approx)",Chinese,Asian,Thai
Oudh 1590,4.3,Sodepur,24 Parganas North,"1,000 for 2 (approx)",Mughlai,Biryani,Awadhi
Oudh 1590,3.9,Behala,South Kolkata,"1,000 for 2 (approx)",Mughlai,Biryani,Awadhi
Benjamin Bangalee,4.4,Thakurpukur,South Kolkata,600 for 2 (approx),Bengali,North Indian,Chinese
Yagna,4.3,"The Vedic Village,",Rajarhat,"1,000 for 2 (approx)",Finger Food,North Indian,Continental
Beer Station,3.6,"Star Mall,",Madhyamgram,"1,400 for 2 (approx)",North Indian,Italian,Fast Food
Take A Break,3.7,Barasat,24 Parganas North,400 for 2 (approx),Chinese,Mughlai,North Indian
Momo I Am,4.0,Barrackpore,24 Parganas North,800 for 2 (approx),Tibetan,Chinese,Japanese
Viva,4.0,"Holiday Inn Resort,",Kona Expressway,"2,000 for 2 (approx)",Continental,North Indian,Asian
Azad Hind Dhaba,3.7,Howrah,Howrah,800 for 2 (approx),North Indian,Chinese,Mughlai
Citrus Cafe,3.6,"Lemon Tree Premier,",New Town,"1,600 for 2 (approx)",Continental,North Indian,Bengali
Avoir,4.2,Kankurgachhi,East Kolkata,"1,000 for 2 (approx)",Chinese,North Indian,Fast Food
The Loop Cafe and Restaurant,4.3,Kankurgachhi,East Kolkata,"1,000 for 2 (approx)",Italian,Chinese,Fast Food
Let's Hangout,3.8,Kankurgachhi,East Kolkata,"1,200 for 2 (approx)",Continental,Italian,North Indian
The Insta Cafe,4.0,Maniktala,North Kolkata,500 for 2 (approx),Chinese,North Indian,Continental
Kitchen 5,3.8,Bidhan Sarani,North Kolkata,900 for 2 (approx),Chinese,North Indian,Continental
Arsalan,4.3,Hati Bagan,North Kolkata,700 for 2 (approx),Biryani,Mughlai,North Indian
Chapter 2,4.3,"Mani Square,",Kankurgachhi,"1,500 for 2 (approx)",Continental,Chinese,Seafood
Mio Amore Restaurant,4.1,"Mani Square,",Kankurgachhi,"1,500 for 2 (approx)",Italian,Mediterranean,European
Drumstick,4.3,Beliaghata,East Kolkata,800 for 2 (approx),Chinese,North Indian,Bengali
The New Normal Cafe And Kitchen,4.0,Salt Lake,East Kolkata,500 for 2 (approx),Chinese,North Indian,Italian
KK's Fusion,4.2,Kankurgachhi,East Kolkata,"1,300 for 2 (approx)",North Indian,Italian,Chinese
Beer Republic,4.4,Kankurgachhi,East Kolkata,"2,600 for 2 (approx)",Finger Food,Continental,North Indian
Anand Restaurant,4.3,Chandni Chowk,Central Kolkata,600 for 2 (approx),South Indian,Desserts,Beverages
Silver Nest,4.0,"Hotel Executive Tower,",Entally,800 for 2 (approx),Chinese,Mughlai,North Indian
Embassy Bar & Restaurant,4.0,Chandni Chowk,Central Kolkata,800 for 2 (approx),Finger Food,North Indian,Chinese
Duke Restaurant And Bar,4.0,Chandni Chowk,Central Kolkata,800 for 2 (approx),North Indian,Chinese,Seafood
Amber,4.1,Esplanade,Central Kolkata,"1,500 for 2 (approx)",North Indian,Continental,Mughlai
Limelight Restaurant & Bar,4.3,B B D Bagh,Central Kolkata,800 for 2 (approx),Chinese,North Indian,Fast Food
Manthan,4.1,Esplanade,Central Kolkata,900 for 2 (approx),North Indian,Chinese,Mughlai
Baker's Nest,4.0,Salt Lake,East Kolkata,"1,000 for 2 (approx)",Continental,Fast Food,Beverages
Threesixtythree,4.4,"The Oberoi Grand,",Esplanade,"3,600 for 2 (approx)",Bengali,Mediterranean,North Indian
Tava,3.7,"Hotel Shalimar,",Esplanade,"1,300 for 2 (approx)",Finger Food,Chinese,Mughlai
New Cathay Bar & Restaurant,4.1,Chowringhee,Central Kolkata,"1,800 for 2 (approx)",Chinese,Continental,Thai
Burger King,4.0,"City Center 1 Shopping Mall,",Bidhannagar,500 for 2 (approx),Fast Food,Burger,American
Hindustan Bar And Restaurant,4.0,Esplanade,Central Kolkata,900 for 2 (approx),Finger Food,Chinese,Mughlai
Big Boss,4.2,Tangra,East Kolkata,"1,500 for 2 (approx)",Chinese,Seafood,Beverages
The Kitchen,4.4,Lake Town,East Kolkata,900 for 2 (approx),Asian,Continental,Italian
Bon Appetit - The Cafe,3.7,Salt Lake,East Kolkata,500 for 2 (approx),Continental,Desserts,Italian
Sigree Global Grill,4.4,"Silver Arcade,",JBS Haldane Avenue,"1,500 for 2 (approx)",North Indian,Biryani,Italian
Marco Polo,4.3,"Park Center Building,",Park Street,"1,700 for 2 (approx)",Chinese,North Indian,Continental
M Bar Kitchen,4.0,Park Street,Central Kolkata,"2,300 for 2 (approx)",Italian,European,Fusion
Grand Market Pavilion,4.3,"ITC Royal Bengal,",Tangra,"3,500 for 2 (approx)",North Indian,Chinese,Continental
Olypub,3.5,Park Street,Central Kolkata,"1,400 for 2 (approx)",Chinese,North Indian,Beverages
Masque Lounge & Bar,3.5,"Silver Arcade,",JBS Haldane Avenue,"1,700 for 2 (approx)",Finger Food,North Indian,Chinese
The Bang Onn Cafe,4.3,Bangur Avenue,24 Parganas North,600 for 2 (approx),Chinese,Fast Food,Italian
Shiraz Golden Restaurant,3.5,Park Circus,South Kolkata,800 for 2 (approx),Hyderabadi,Mughlai,North Indian
Eden Pavilion,4.2,"ITC Sonar, Kolkata,",JBS Haldane Avenue,"5,000 for 2 (approx)",Continental,South Indian,North Indian
Arsalan,3.6,Park Street,Central Kolkata,700 for 2 (approx),Biryani,Mughlai,North Indian
Chai Break,4.3,Camac Street,Central Kolkata,900 for 2 (approx),Chinese,Italian,Beverages
Gabbar's Bar & Kitchen,4.4,Ho Chi Minh Sarani,Central Kolkata,"2,000 for 2 (approx)",Chinese,North Indian,Italian
Zeeshan,4.0,Ballygunge,South Kolkata,500 for 2 (approx),North Indian,Chinese,Mughlai
Chili's American Grill and Bar,4.3,"Quest Mall,",Ballygunge,"1,500 for 2 (approx)",American,Mexican,Tex Mex
Dhuaa - The Smoke Hub,4.0,Shakespeare Sarani,Central Kolkata,700 for 2 (approx),Chinese,Continental,Fast Food
Encode,4.4,"Fort Knox Mall,",Camac Street,"2,000 for 2 (approx)",Continental,Italian,North Indian
Elahi Luxury Dining,3.6,Park Circus,South Kolkata,900 for 2 (approx),Awadhi,Mughlai,North Indian
Haveli,4.1,"The Saltee,",Salt Lake,"1,200 for 2 (approx)",North Indian,Desserts,Chinese
Cafe Lounge,4.0,"The Senator Hotel,",Camac Street,"1,200 for 2 (approx)",Fast Food,Chinese,Continental
Olive,3.8,"Hotel Niharika,",Minto Park,"1,500 for 2 (approx)",North Indian,Chinese,Continental
Cafe 377,4.2,Elgin Road,South Kolkata,"1,100 for 2 (approx)",Italian,North Indian,Chinese
Courting Coffees,4.0,Salt Lake,East Kolkata,900 for 2 (approx),Fast Food,Italian,Continental
Amour Factory Bar,4.1,Chowringhee,Central Kolkata,"1,500 for 2 (approx)",Chinese,North Indian,Continental
Standby,4.0,AJC Bose Road,South Kolkata,700 for 2 (approx),Chinese,Fast Food,Italian
Jam House,3.7,Chowringhee,Central Kolkata,"1,200 for 2 (approx)",North Indian,Continental,Chinese
Kurry 'n' Kebab,3.9,Salt Lake,East Kolkata,700 for 2 (approx),Chinese,North Indian,South Indian
I Love Haldiram,3.7,Chowringhee,Central Kolkata,400 for 2 (approx),Street Food,Chinese,Fast Food
Gupta Brothers,3.7,Ballygunge,South Kolkata,500 for 2 (approx),Desserts,North Indian,Italian
My Big Fat Belly,4.4,Sarat Bose Road,South Kolkata,600 for 2 (approx),Italian,Continental,European
BB's Restaurant,3.6,"Millenium City IT Park,",Salt Lake,"1,200 for 2 (approx)",North Indian,Chinese,Mughlai
Oh My Fry,4.0,Bhawanipur,South Kolkata,300 for 2 (approx),Fast Food,Italian,Chinese
Hotel Taaj,4.2,Nagerbazar,24 Parganas North,900 for 2 (approx),North Indian,Chinese,Mughlai
Jai Hind Dhaba,3.9,Bhawanipur,South Kolkata,700 for 2 (approx),North Indian,Mughlai,Chinese
Preach,4.1,"PS Srijan Corporate Park,",Salt Lake,"1,400 for 2 (approx)",North Indian,Chinese,Continental
The Floresta Restaurant,3.6,Baguiati,24 Parganas North,600 for 2 (approx),Chinese,North Indian,Continental
The Cric World,3.8,Baranagar,24 Parganas North,600 for 2 (approx),Chinese,North Indian,Seafood
Smoke Shack,4.1,"The Claridale,",Ballygunge,"3,000 for 2 (approx)",North Indian,Continental,Mediterranean
Guru's Restaurant,4.0,Kasba,South Kolkata,600 for 2 (approx),Chinese,Mughlai,North Indian
China White's,4.1,Gariahat,South Kolkata,"1,200 for 2 (approx)",Chinese,North Indian,Seafood
The Breakfast,4.0,Kasba,South Kolkata,600 for 2 (approx),American,Italian,Continental
The Coastal Macha,4.3,Gariahat,South Kolkata,"1,200 for 2 (approx)",Chinese,Goan,Konkani
Coffee,4.0,Baguiati,24 Parganas North,500 for 2 (approx),Fast Food,Italian,Chinese
Arsalan,3.9,Kasba,South Kolkata,700 for 2 (approx),Biryani,Mughlai,North Indian
Punjabee Rasoi,4.3,Kasba,South Kolkata,"1,000 for 2 (approx)",North Indian,Mughlai,Biryani
Wise Owl,4.3,Hindustan Park,South Kolkata,"1,000 for 2 (approx)",Continental,Italian,Fast Food
Bon Appetit - The Cafe,3.8,Hazra,South Kolkata,500 for 2 (approx),Continental,Desserts,Tea
Spicery By Sigree,4.4,"Acropolis Mall,",Kasba,"1,100 for 2 (approx)",North Indian,Mughlai,Fast Food
Ong Bong Chong,4.0,Golpark,South Kolkata,400 for 2 (approx),Chinese,Mughlai,North Indian
Maach Machli & More,4.0,Hindustan Park,South Kolkata,900 for 2 (approx),Continental,European,Asian
Chili's American Grill and Bar,4.3,"Acropolis Mall,",Kasba,"1,500 for 2 (approx)",American,Mexican,Tex Mex
Matargashti By F.R.I.E.N.D.S Cafe,3.8,Desapriya Park,South Kolkata,700 for 2 (approx),Fast Food,Italian,Chinese
The Cafe Store,4.0,Golpark,South Kolkata,600 for 2 (approx),Tea,Continental,Desserts
India Restaurant,4.3,Kidderpore,West Kolkata,800 for 2 (approx),North Indian,Chinese,Desserts
Burger King,4.0,"Acropolis Mall,",Kasba,500 for 2 (approx),Fast Food,Burger,American
Bachan's Dhaba,4.0,Kalighat,South Kolkata,500 for 2 (approx),North Indian,Chinese,Fast Food
The Daily,4.2,Desapriya Park,South Kolkata,"1,000 for 2 (approx)",Continental,Italian,Fast Food
The Canteen By Asia House,4.3,Southern Avenue,South Kolkata,"1,400 for 2 (approx)",Asian,Chinese,Seafood
Barbeque Nation,4.3,"Lake Mall,",Rashbehari Avenue,"2,000 for 2 (approx)",North Indian,Continental,Chinese
Marco Polo,4.4,Sarat Bose Road,South Kolkata,"1,500 for 2 (approx)",Chinese,Continental,North Indian
The Steak Factory,4.3,Southern Avenue,South Kolkata,"1,200 for 2 (approx)",Continental,North Indian,Desserts
Taste-Ride,4.0,Southern Avenue,South Kolkata,800 for 2 (approx),North Indian,Bengali,Chinese
Zeeshan,3.5,Desapriya Park,South Kolkata,500 for 2 (approx),North Indian,Chinese,Mughlai
I Love Haldiram,4.2,Kaikhali,24 Parganas North,400 for 2 (approx),Street Food,Chinese,Fast Food
Tandoor House,3.9,Kalighat,South Kolkata,600 for 2 (approx),Chinese,North Indian,Mughlai
Desi Lane,4.1,"The Enclave,",Alipore,"1,800 for 2 (approx)",North Indian,Chinese,Continental
Koshe Kosha,4.0,Rajarhat,24 Parganas North,800 for 2 (approx),Bengali,Mughlai,Desserts
Beans & Roots,4.0,Kalighat,South Kolkata,800 for 2 (approx),Continental,North Indian,Asian
Blue Mug,4.4,Jodhpur Park,South Kolkata,700 for 2 (approx),Fast Food,Chinese,Health Food
Tandoor Park,4.1,Dhakuria,South Kolkata,"1,000 for 2 (approx)",North Indian,Chinese,Biryani
The New Town Dhaba,4.0,New Town,24 Parganas North,800 for 2 (approx),Chinese,North Indian,Mughlai
Lokaahar,4.0,Jodhpur Park,South Kolkata,700 for 2 (approx),Bengali,Chinese,Continental
Spice of Joy,4.0,Dhakuria,South Kolkata,"1,300 for 2 (approx)",Chinese,North Indian,Seafood
Kanteenwala,4.3,Kalikapur,South Kolkata,500 for 2 (approx),North Indian,Biryani,Chinese
Snacking,4.4,Prince Anwar Shah Road,South Kolkata,"1,300 for 2 (approx)",Continental,Chinese,Italian
Chili's American Grill and Bar,4.4,"South City Mall,",Jadavpur,"1,500 for 2 (approx)",American,Mexican,Tex Mex
The Taste Maker,3.5,Jodhpur Park,South Kolkata,700 for 2 (approx),Asian,Chinese,Thai
Arsalan,3.6,New Alipore,South Kolkata,700 for 2 (approx),Biryani,Mughlai,North Indian
Bellagio,4.0,Jadavpur,South Kolkata,800 for 2 (approx),Italian,Biryani,Chinese
Denzong Kitchen,4.2,Jadavpur,South Kolkata,600 for 2 (approx),Chinese,Asian,Tibetan
Denzong Kitchen,3.8,Tollygunge,South Kolkata,600 for 2 (approx),Chinese,Asian,Tibetan
Valley Restaurant Cum Bar,3.5,Ajoy Nagar,South Kolkata,"1,500 for 2 (approx)",Chinese,Continental,North Indian
Illusion,3.5,"Metropolis Mall,",Santoshpur,"1,800 for 2 (approx)",North Indian,Chinese,Continental
Hola!,4.3,"Rosedale Plaza,",New Town,800 for 2 (approx),Chinese,North Indian,South Indian
The Gourmet Club,4.3,Naktala,South Kolkata,500 for 2 (approx),Chinese,Seafood,Asian
Jadu Kadai,3.6,Behala,South Kolkata,600 for 2 (approx),North Indian,Mughlai,Chinese
Chilli Garlic,3.6,Behala,South Kolkata,600 for 2 (approx),Chinese,Tibetan,Seafood
The Glass House,4.0,Barasat,24 Parganas North,700 for 2 (approx),Chinese,Continental,North Indian
Dada Boudi Restaurant,4.3,Barrackpore,24 Parganas North,550 for 2 (approx),Biryani,North Indian,Chinese
Bachan's Dhaba,4.0,Kalighat,South Kolkata,800 for 2 (approx),North Indian,Mughlai,Chinese
